location_id,label
L0001,no
L0002,yes
L0003,no
L0004,yes
L0005,yes
L0006,no
L0007,yes
L0008,yes
L0009,no
L0010,no
L0011,yes
L0012,yes
L0013,yes
L0014,yes
L0015,yes
L0016,yes
L0017,yes
L0018,yes
L0019,yes
L0020,yes
L0021,yes
L0022,yes
L0023,yes
L0024,no
L0025,yes
L0026,yes
L0027,yes
L0028,yes
L0029,yes
L0030,yes
L0031,yes
L0032,no
L0033,no
L0034,yes
L0035,yes
L0036,yes
L0037,yes
L0038,yes
L0039,no
L0040,yes
L0041,yes
L0042,yes
L0043,yes
L0044,yes
L0045,yes
L0046,yes
L0047,yes
L0048,yes
